Device,Mitigation,Fault,Area,LINAC_Z,Position,MPS_Signal_Source_Location,Application_Card_Number,MPS_Crate,MPS_Channel_#1,Drawing_#,Measured_Device_Type_Id
GUN,LINAC,STATE,GUNB,-32.95,100,LLRF Card,5,L2KA00-0517,0,N/A,6
BUNCHER,LINAC,STATE,GUNB,-30.300364,455,LLRF Card,5,L2KA00-0517,4,N/A,7
CM01-Cavity1,LINAC,STATE,L0B,-3.369718,0110,LLRF Card,13,L2KA00-0608,0,N/A,7
CM01-Cavity2,LINAC,STATE,L0B,-3.369718,0120,LLRF Card,13,L2KA00-0608,1,N/A,7
CM01-Cavity3,LINAC,STATE,L0B,-3.369718,0130,LLRF Card,13,L2KA00-0608,2,N/A,7
CM01-Cavity4,LINAC,STATE,L0B,-3.369718,0140,LLRF Card,13,L2KA00-0608,3,N/A,7
CM01-Cavity5,LINAC,STATE,L0B,-3.369718,0150,LLRF Card,13,L2KA00-0608,4,N/A,7
CM01-Cavity6,LINAC,STATE,L0B,-3.369718,0160,LLRF Card,13,L2KA00-0608,5,N/A,7
CM01-Cavity7,LINAC,STATE,L0B,-3.369718,0170,LLRF Card,13,L2KA00-0608,6,N/A,7
CM01-Cavity8,LINAC,STATE,L0B,-3.369718,0180,LLRF Card,13,L2KA00-0608,7,N/A,7
CM02-Cavity1,LINAC,STATE,L1B,279.135794,0210,LLRF Card,13,L2KA00-0608,8,N/A,7
CM02-Cavity2,LINAC,STATE,L1B,279.135794,0220,LLRF Card,13,L2KA00-0608,9,N/A,7
CM02-Cavity3,LINAC,STATE,L1B,279.135794,0230,LLRF Card,13,L2KA00-0608,10,N/A,7
CM02-Cavity4,LINAC,STATE,L1B,279.135794,0240,LLRF Card,13,L2KA00-0608,11,N/A,7
CM02-Cavity5,LINAC,STATE,L1B,279.135794,0250,LLRF Card,13,L2KA00-0608,12,N/A,7
CM02-Cavity6,LINAC,STATE,L1B,279.135794,0260,LLRF Card,13,L2KA00-0608,13,N/A,7
CM02-Cavity7,LINAC,STATE,L1B,279.135794,0270,LLRF Card,13,L2KA00-0608,14,N/A,7
CM02-Cavity8,LINAC,STATE,L1B,279.135794,0280,LLRF Card,13,L2KA00-0608,15,N/A,7
CM03-Cavity1,LINAC,STATE,L1B,319.228937,0310,LLRF Card,14,L2KA00-0608,0,N/A,7
CM03-Cavity2,LINAC,STATE,L1B,319.228937,0320,LLRF Card,14,L2KA00-0608,1,N/A,7
CM03-Cavity3,LINAC,STATE,L1B,319.228937,0330,LLRF Card,14,L2KA00-0608,2,N/A,7
CM03-Cavity4,LINAC,STATE,L1B,319.228937,0340,LLRF Card,14,L2KA00-0608,3,N/A,7
CM03-Cavity5,LINAC,STATE,L1B,319.228937,0350,LLRF Card,14,L2KA00-0608,4,N/A,7
CM03-Cavity6,LINAC,STATE,L1B,319.228937,0360,LLRF Card,14,L2KA00-0608,5,N/A,7
CM03-Cavity7,LINAC,STATE,L1B,319.228937,0370,LLRF Card,14,L2KA00-0608,6,N/A,7
CM03-Cavity8,LINAC,STATE,L1B,319.228937,0380,LLRF Card,14,L2KA00-0608,7,N/A,7
CM04-Cavity1,LINAC,STATE,L2B,610.885833,0410,LLRF Card,14,L2KA00-0608,8,N/A,7
CM04-Cavity2,LINAC,STATE,L2B,610.885833,0420,LLRF Card,14,L2KA00-0608,9,N/A,7
CM04-Cavity3,LINAC,STATE,L2B,610.885833,0430,LLRF Card,14,L2KA00-0608,10,N/A,7
CM04-Cavity4,LINAC,STATE,L2B,610.885833,0440,LLRF Card,14,L2KA00-0608,11,N/A,7
CM04-Cavity5,LINAC,STATE,L2B,610.885833,0450,LLRF Card,14,L2KA00-0608,12,N/A,7
CM04-Cavity6,LINAC,STATE,L2B,610.885833,0460,LLRF Card,14,L2KA00-0608,13,N/A,7
CM04-Cavity7,LINAC,STATE,L2B,610.885833,0470,LLRF Card,14,L2KA00-0608,14,N/A,7
CM04-Cavity8,LINAC,STATE,L2B,610.885833,0480,LLRF Card,14,L2KA00-0608,15,N/A,7
HL01-Cavity1,LINAC,STATE,L1B,343.556004,H110,LLRF Card,15,L2KA00-0608,0,N/A,7
HL01-Cavity2,LINAC,STATE,L1B,343.556004,H120,LLRF Card,15,L2KA00-0608,1,N/A,7
HL01-Cavity3,LINAC,STATE,L1B,343.556004,H130,LLRF Card,15,L2KA00-0608,2,N/A,7
HL01-Cavity4,LINAC,STATE,L1B,343.556004,H140,LLRF Card,15,L2KA00-0608,3,N/A,7
HL01-Cavity5,LINAC,STATE,L1B,343.556004,H150,LLRF Card,15,L2KA00-0608,4,N/A,7
HL01-Cavity6,LINAC,STATE,L1B,343.556004,H160,LLRF Card,15,L2KA00-0608,5,N/A,7
HL01-Cavity7,LINAC,STATE,L1B,343.556004,H170,LLRF Card,15,L2KA00-0608,6,N/A,7
HL01-Cavity8,LINAC,STATE,L1B,343.556004,H180,LLRF Card,15,L2KA00-0608,7,N/A,7
HL02-Cavity1,LINAC,STATE,L1B,365.060269,H210,LLRF Card,15,L2KA00-0608,8,N/A,7
HL02-Cavity2,LINAC,STATE,L1B,365.060269,H220,LLRF Card,15,L2KA00-0608,9,N/A,7
HL02-Cavity3,LINAC,STATE,L1B,365.060269,H230,LLRF Card,15,L2KA00-0608,10,N/A,7
HL02-Cavity4,LINAC,STATE,L1B,365.060269,H240,LLRF Card,15,L2KA00-0608,11,N/A,7
HL02-Cavity5,LINAC,STATE,L1B,365.060269,H250,LLRF Card,15,L2KA00-0608,12,N/A,7
HL02-Cavity6,LINAC,STATE,L1B,365.060269,H260,LLRF Card,15,L2KA00-0608,13,N/A,7
HL02-Cavity7,LINAC,STATE,L1B,365.060269,H270,LLRF Card,15,L2KA00-0608,14,N/A,7
HL02-Cavity8,LINAC,STATE,L1B,365.060269,H280,LLRF Card,15,L2KA00-0608,15,N/A,7
CM05-Cavity1,LINAC,STATE,L2B,650.978976,0510,LLRF Card,36,L2KG01-2037,0,N/A,7
CM05-Cavity2,LINAC,STATE,L2B,650.978976,0520,LLRF Card,36,L2KG01-2037,1,N/A,7
CM05-Cavity3,LINAC,STATE,L2B,650.978976,0530,LLRF Card,36,L2KG01-2037,2,N/A,7
CM05-Cavity4,LINAC,STATE,L2B,650.978976,0540,LLRF Card,36,L2KG01-2037,3,N/A,7
CM05-Cavity5,LINAC,STATE,L2B,650.978976,0550,LLRF Card,36,L2KG01-2037,4,N/A,7
CM05-Cavity6,LINAC,STATE,L2B,650.978976,0560,LLRF Card,36,L2KG01-2037,5,N/A,7
CM05-Cavity7,LINAC,STATE,L2B,650.978976,0570,LLRF Card,36,L2KG01-2037,6,N/A,7
CM05-Cavity8,LINAC,STATE,L2B,650.978976,0580,LLRF Card,36,L2KG01-2037,7,N/A,7
CM06-Cavity1,LINAC,STATE,L2B,691.072119,0610,LLRF Card,36,L2KG01-2037,8,N/A,7
CM06-Cavity2,LINAC,STATE,L2B,691.072119,0620,LLRF Card,36,L2KG01-2037,9,N/A,7
CM06-Cavity3,LINAC,STATE,L2B,691.072119,0630,LLRF Card,36,L2KG01-2037,10,N/A,7
CM06-Cavity4,LINAC,STATE,L2B,691.072119,0640,LLRF Card,36,L2KG01-2037,11,N/A,7
CM06-Cavity5,LINAC,STATE,L2B,691.072119,0650,LLRF Card,36,L2KG01-2037,12,N/A,7
CM06-Cavity6,LINAC,STATE,L2B,691.072119,0660,LLRF Card,36,L2KG01-2037,13,N/A,7
CM06-Cavity7,LINAC,STATE,L2B,691.072119,0670,LLRF Card,36,L2KG01-2037,14,N/A,7
CM06-Cavity8,LINAC,STATE,L2B,691.072119,0680,LLRF Card,36,L2KG01-2037,15,N/A,7
CM07-Cavity1,LINAC,STATE,L2B,731.165262,0710,LLRF Card,35,L2KG01-2037,0,N/A,7
CM07-Cavity2,LINAC,STATE,L2B,731.165262,0720,LLRF Card,35,L2KG01-2037,1,N/A,7
CM07-Cavity3,LINAC,STATE,L2B,731.165262,0730,LLRF Card,35,L2KG01-2037,2,N/A,7
CM07-Cavity4,LINAC,STATE,L2B,731.165262,0740,LLRF Card,35,L2KG01-2037,3,N/A,7
CM07-Cavity5,LINAC,STATE,L2B,731.165262,0750,LLRF Card,35,L2KG01-2037,4,N/A,7
CM07-Cavity6,LINAC,STATE,L2B,731.165262,0760,LLRF Card,35,L2KG01-2037,5,N/A,7
CM07-Cavity7,LINAC,STATE,L2B,731.165262,0770,LLRF Card,35,L2KG01-2037,6,N/A,7
CM07-Cavity8,LINAC,STATE,L2B,731.165262,0780,LLRF Card,35,L2KG01-2037,7,N/A,7
CM08-Cavity1,LINAC,STATE,L2B,771.258406,0810,LLRF Card,35,L2KG01-2037,8,N/A,7
CM08-Cavity2,LINAC,STATE,L2B,771.258406,0820,LLRF Card,35,L2KG01-2037,9,N/A,7
CM08-Cavity3,LINAC,STATE,L2B,771.258406,0830,LLRF Card,35,L2KG01-2037,10,N/A,7
CM08-Cavity4,LINAC,STATE,L2B,771.258406,0840,LLRF Card,35,L2KG01-2037,11,N/A,7
CM08-Cavity5,LINAC,STATE,L2B,771.258406,0850,LLRF Card,35,L2KG01-2037,12,N/A,7
CM08-Cavity6,LINAC,STATE,L2B,771.258406,0860,LLRF Card,35,L2KG01-2037,13,N/A,7
CM08-Cavity7,LINAC,STATE,L2B,771.258406,0870,LLRF Card,35,L2KG01-2037,14,N/A,7
CM08-Cavity8,LINAC,STATE,L2B,771.258406,0880,LLRF Card,35,L2KG01-2037,15,N/A,7
CM09-Cavity1,LINAC,STATE,L2B,811.351549,0910,LLRF Card,60,L2KG03-6033,0,N/A,7
CM09-Cavity2,LINAC,STATE,L2B,811.351549,0920,LLRF Card,60,L2KG03-6033,1,N/A,7
CM09-Cavity3,LINAC,STATE,L2B,811.351549,0930,LLRF Card,60,L2KG03-6033,2,N/A,7
CM09-Cavity4,LINAC,STATE,L2B,811.351549,0940,LLRF Card,60,L2KG03-6033,3,N/A,7
CM09-Cavity5,LINAC,STATE,L2B,811.351549,0950,LLRF Card,60,L2KG03-6033,4,N/A,7
CM09-Cavity6,LINAC,STATE,L2B,811.351549,0960,LLRF Card,60,L2KG03-6033,5,N/A,7
CM09-Cavity7,LINAC,STATE,L2B,811.351549,0970,LLRF Card,60,L2KG03-6033,6,N/A,7
CM09-Cavity8,LINAC,STATE,L2B,811.351549,0980,LLRF Card,60,L2KG03-6033,7,N/A,7
CM10-Cavity1,LINAC,STATE,L2B,851.444692,1010,LLRF Card,60,L2KG03-6033,8,N/A,7
CM10-Cavity2,LINAC,STATE,L2B,851.444692,1020,LLRF Card,60,L2KG03-6033,9,N/A,7
CM10-Cavity3,LINAC,STATE,L2B,851.444692,1030,LLRF Card,60,L2KG03-6033,10,N/A,7
CM10-Cavity4,LINAC,STATE,L2B,851.444692,1040,LLRF Card,60,L2KG03-6033,11,N/A,7
CM10-Cavity5,LINAC,STATE,L2B,851.444692,1050,LLRF Card,60,L2KG03-6033,12,N/A,7
CM10-Cavity6,LINAC,STATE,L2B,851.444692,1060,LLRF Card,60,L2KG03-6033,13,N/A,7
CM10-Cavity7,LINAC,STATE,L2B,851.444692,1070,LLRF Card,60,L2KG03-6033,14,N/A,7
CM10-Cavity8,LINAC,STATE,L2B,851.444692,1080,LLRF Card,60,L2KG03-6033,15,N/A,7
CM11-Cavity1,LINAC,STATE,L2B,891.537835,1110,LLRF Card,74,L2KG04-2609,0,N/A,7
CM11-Cavity2,LINAC,STATE,L2B,891.537835,1120,LLRF Card,74,L2KG04-2609,1,N/A,7
CM11-Cavity3,LINAC,STATE,L2B,891.537835,1130,LLRF Card,74,L2KG04-2609,2,N/A,7
CM11-Cavity4,LINAC,STATE,L2B,891.537835,1140,LLRF Card,74,L2KG04-2609,3,N/A,7
CM11-Cavity5,LINAC,STATE,L2B,891.537835,1150,LLRF Card,74,L2KG04-2609,4,N/A,7
CM11-Cavity6,LINAC,STATE,L2B,891.537835,1160,LLRF Card,74,L2KG04-2609,5,N/A,7
CM11-Cavity7,LINAC,STATE,L2B,891.537835,1170,LLRF Card,74,L2KG04-2609,6,N/A,7
CM11-Cavity8,LINAC,STATE,L2B,891.537835,1180,LLRF Card,74,L2KG04-2609,7,N/A,7
CM12-Cavity1,LINAC,STATE,L2B,931.630978,1210,LLRF Card,74,L2KG04-2609,8,N/A,7
CM12-Cavity2,LINAC,STATE,L2B,931.630978,1220,LLRF Card,74,L2KG04-2609,9,N/A,7
CM12-Cavity3,LINAC,STATE,L2B,931.630978,1230,LLRF Card,74,L2KG04-2609,10,N/A,7
CM12-Cavity4,LINAC,STATE,L2B,931.630978,1240,LLRF Card,74,L2KG04-2609,11,N/A,7
CM12-Cavity5,LINAC,STATE,L2B,931.630978,1250,LLRF Card,74,L2KG04-2609,12,N/A,7
CM12-Cavity6,LINAC,STATE,L2B,931.630978,1260,LLRF Card,74,L2KG04-2609,13,N/A,7
CM12-Cavity7,LINAC,STATE,L2B,931.630978,1270,LLRF Card,74,L2KG04-2609,14,N/A,7
CM12-Cavity8,LINAC,STATE,L2B,931.630978,1280,LLRF Card,74,L2KG04-2609,15,N/A,7
CM13-Cavity1,LINAC,STATE,L2B,971.724121,1310,LLRF Card,68,L2KG04-2609,0,N/A,7
CM13-Cavity2,LINAC,STATE,L2B,971.724121,1320,LLRF Card,68,L2KG04-2609,1,N/A,7
CM13-Cavity3,LINAC,STATE,L2B,971.724121,1330,LLRF Card,68,L2KG04-2609,2,N/A,7
CM13-Cavity4,LINAC,STATE,L2B,971.724121,1340,LLRF Card,68,L2KG04-2609,3,N/A,7
CM13-Cavity5,LINAC,STATE,L2B,971.724121,1350,LLRF Card,68,L2KG04-2609,4,N/A,7
CM13-Cavity6,LINAC,STATE,L2B,971.724121,1360,LLRF Card,68,L2KG04-2609,5,N/A,7
CM13-Cavity7,LINAC,STATE,L2B,971.724121,1370,LLRF Card,68,L2KG04-2609,6,N/A,7
CM13-Cavity8,LINAC,STATE,L2B,971.724121,1380,LLRF Card,68,L2KG04-2609,7,N/A,7
CM14-Cavity1,LINAC,STATE,L2B,1011.817264,1410,LLRF Card,68,L2KG04-2609,8,N/A,7
CM14-Cavity2,LINAC,STATE,L2B,1011.817264,1420,LLRF Card,68,L2KG04-2609,9,N/A,7
CM14-Cavity3,LINAC,STATE,L2B,1011.817264,1430,LLRF Card,68,L2KG04-2609,10,N/A,7
CM14-Cavity4,LINAC,STATE,L2B,1011.817264,1440,LLRF Card,68,L2KG04-2609,11,N/A,7
CM14-Cavity5,LINAC,STATE,L2B,1011.817264,1450,LLRF Card,68,L2KG04-2609,12,N/A,7
CM14-Cavity6,LINAC,STATE,L2B,1011.817264,1460,LLRF Card,68,L2KG04-2609,13,N/A,7
CM14-Cavity7,LINAC,STATE,L2B,1011.817264,1470,LLRF Card,68,L2KG04-2609,14,N/A,7
CM14-Cavity8,LINAC,STATE,L2B,1011.817264,1480,LLRF Card,68,L2KG04-2609,15,N/A,7
CM15-Cavity1,LINAC,STATE,L2B,1051.910407,1510,LLRF Card,64,L2KG04-1923,0,N/A,7
CM15-Cavity2,LINAC,STATE,L2B,1052.910407,1520,LLRF Card,64,L2KG04-1923,1,N/A,7
CM15-Cavity3,LINAC,STATE,L2B,1053.910407,1530,LLRF Card,64,L2KG04-1923,2,N/A,7
CM15-Cavity4,LINAC,STATE,L2B,1054.910407,1540,LLRF Card,64,L2KG04-1923,3,N/A,7
CM15-Cavity5,LINAC,STATE,L2B,1055.910407,1550,LLRF Card,64,L2KG04-1923,4,N/A,7
CM15-Cavity6,LINAC,STATE,L2B,1056.910407,1560,LLRF Card,64,L2KG04-1923,5,N/A,7
CM15-Cavity7,LINAC,STATE,L2B,1057.910407,1570,LLRF Card,64,L2KG04-1923,6,N/A,7
CM15-Cavity8,LINAC,STATE,L2B,1058.910407,1580,LLRF Card,64,L2KG04-1923,7,N/A,7
CM16-Cavity1,LINAC,STATE,L3B,1303.622867,1610,LLRF Card,64,L2KG04-1923,8,N/A,7
CM16-Cavity2,LINAC,STATE,L3B,1304.622867,1620,LLRF Card,64,L2KG04-1923,9,N/A,7
CM16-Cavity3,LINAC,STATE,L3B,1305.622867,1630,LLRF Card,64,L2KG04-1923,10,N/A,7
CM16-Cavity4,LINAC,STATE,L3B,1306.622867,1640,LLRF Card,64,L2KG04-1923,11,N/A,7
CM16-Cavity5,LINAC,STATE,L3B,1307.622867,1650,LLRF Card,64,L2KG04-1923,12,N/A,7
CM16-Cavity6,LINAC,STATE,L3B,1308.622867,1660,LLRF Card,64,L2KG04-1923,13,N/A,7
CM16-Cavity7,LINAC,STATE,L3B,1309.622867,1670,LLRF Card,64,L2KG04-1923,14,N/A,7
CM16-Cavity8,LINAC,STATE,L3B,1310.622867,1680,LLRF Card,64,L2KG04-1923,15,N/A,7
CM17-Cavity1,LINAC,STATE,L3B,1343.71601,1710,LLRF Card,76,L2KG05-6122,0,N/A,7
CM17-Cavity2,LINAC,STATE,L3B,1343.71601,1720,LLRF Card,76,L2KG05-6122,1,N/A,7
CM17-Cavity3,LINAC,STATE,L3B,1343.71601,1730,LLRF Card,76,L2KG05-6122,2,N/A,7
CM17-Cavity4,LINAC,STATE,L3B,1343.71601,1740,LLRF Card,76,L2KG05-6122,3,N/A,7
CM17-Cavity5,LINAC,STATE,L3B,1343.71601,1750,LLRF Card,76,L2KG05-6122,4,N/A,7
CM17-Cavity6,LINAC,STATE,L3B,1343.71601,1760,LLRF Card,76,L2KG05-6122,5,N/A,7
CM17-Cavity7,LINAC,STATE,L3B,1343.71601,1770,LLRF Card,76,L2KG05-6122,6,N/A,7
CM17-Cavity8,LINAC,STATE,L3B,1343.71601,1780,LLRF Card,76,L2KG05-6122,7,N/A,7
CM18-Cavity1,LINAC,STATE,L3B,1383.809154,1810,LLRF Card,76,L2KG05-6122,8,N/A,7
CM18-Cavity2,LINAC,STATE,L3B,1383.809154,1820,LLRF Card,76,L2KG05-6122,9,N/A,7
CM18-Cavity3,LINAC,STATE,L3B,1383.809154,1830,LLRF Card,76,L2KG05-6122,10,N/A,7
CM18-Cavity4,LINAC,STATE,L3B,1383.809154,1840,LLRF Card,76,L2KG05-6122,11,N/A,7
CM18-Cavity5,LINAC,STATE,L3B,1383.809154,1850,LLRF Card,76,L2KG05-6122,12,N/A,7
CM18-Cavity6,LINAC,STATE,L3B,1383.809154,1860,LLRF Card,76,L2KG05-6122,13,N/A,7
CM18-Cavity7,LINAC,STATE,L3B,1383.809154,1870,LLRF Card,76,L2KG05-6122,14,N/A,7
CM18-Cavity8,LINAC,STATE,L3B,1383.809154,1880,LLRF Card,76,L2KG05-6122,15,N/A,7
CM19-Cavity1,LINAC,STATE,L3B,1423.902297,1910,LLRF Card,77,L2KG05-6122,0,N/A,7
CM19-Cavity2,LINAC,STATE,L3B,1423.902297,1920,LLRF Card,77,L2KG05-6122,1,N/A,7
CM19-Cavity3,LINAC,STATE,L3B,1423.902297,1930,LLRF Card,77,L2KG05-6122,2,N/A,7
CM19-Cavity4,LINAC,STATE,L3B,1423.902297,1940,LLRF Card,77,L2KG05-6122,3,N/A,7
CM19-Cavity5,LINAC,STATE,L3B,1423.902297,1950,LLRF Card,77,L2KG05-6122,4,N/A,7
CM19-Cavity6,LINAC,STATE,L3B,1423.902297,1960,LLRF Card,77,L2KG05-6122,5,N/A,7
CM19-Cavity7,LINAC,STATE,L3B,1423.902297,1970,LLRF Card,77,L2KG05-6122,6,N/A,7
CM19-Cavity8,LINAC,STATE,L3B,1423.902297,1980,LLRF Card,77,L2KG05-6122,7,N/A,7
CM20-Cavity1,LINAC,STATE,L3B,1463.99544,2010,LLRF Card,77,L2KG05-6122,8,N/A,7
CM20-Cavity2,LINAC,STATE,L3B,1463.99544,2020,LLRF Card,77,L2KG05-6122,9,N/A,7
CM20-Cavity3,LINAC,STATE,L3B,1463.99544,2030,LLRF Card,77,L2KG05-6122,10,N/A,7
CM20-Cavity4,LINAC,STATE,L3B,1463.99544,2040,LLRF Card,77,L2KG05-6122,11,N/A,7
CM20-Cavity5,LINAC,STATE,L3B,1463.99544,2050,LLRF Card,77,L2KG05-6122,12,N/A,7
CM20-Cavity6,LINAC,STATE,L3B,1463.99544,2060,LLRF Card,77,L2KG05-6122,13,N/A,7
CM20-Cavity7,LINAC,STATE,L3B,1463.99544,2070,LLRF Card,77,L2KG05-6122,14,N/A,7
CM20-Cavity8,LINAC,STATE,L3B,1463.99544,2080,LLRF Card,77,L2KG05-6122,15,N/A,7
CM21-Cavity1,LINAC,STATE,L3B,1504.088583,2110,LLRF Card,78,L2KG05-6122,0,N/A,7
CM21-Cavity2,LINAC,STATE,L3B,1504.088583,2120,LLRF Card,78,L2KG05-6122,1,N/A,7
CM21-Cavity3,LINAC,STATE,L3B,1504.088583,2130,LLRF Card,78,L2KG05-6122,2,N/A,7
CM21-Cavity4,LINAC,STATE,L3B,1504.088583,2140,LLRF Card,78,L2KG05-6122,3,N/A,7
CM21-Cavity5,LINAC,STATE,L3B,1504.088583,2150,LLRF Card,78,L2KG05-6122,4,N/A,7
CM21-Cavity6,LINAC,STATE,L3B,1504.088583,2160,LLRF Card,78,L2KG05-6122,5,N/A,7
CM21-Cavity7,LINAC,STATE,L3B,1504.088583,2170,LLRF Card,78,L2KG05-6122,6,N/A,7
CM21-Cavity8,LINAC,STATE,L3B,1504.088583,2180,LLRF Card,78,L2KG05-6122,7,N/A,7
CM22-Cavity1,LINAC,STATE,L3B,1544.181726,2210,LLRF Card,78,L2KG05-6122,8,N/A,7
CM22-Cavity2,LINAC,STATE,L3B,1544.181726,2220,LLRF Card,78,L2KG05-6122,9,N/A,7
CM22-Cavity3,LINAC,STATE,L3B,1544.181726,2230,LLRF Card,78,L2KG05-6122,10,N/A,7
CM22-Cavity4,LINAC,STATE,L3B,1544.181726,2240,LLRF Card,78,L2KG05-6122,11,N/A,7
CM22-Cavity5,LINAC,STATE,L3B,1544.181726,2250,LLRF Card,78,L2KG05-6122,12,N/A,7
CM22-Cavity6,LINAC,STATE,L3B,1544.181726,2260,LLRF Card,78,L2KG05-6122,13,N/A,7
CM22-Cavity7,LINAC,STATE,L3B,1544.181726,2270,LLRF Card,78,L2KG05-6122,14,N/A,7
CM22-Cavity8,LINAC,STATE,L3B,1544.181726,2280,LLRF Card,78,L2KG05-6122,15,N/A,7
CM23-Cavity1,LINAC,STATE,L3B,1584.274869,2310,LLRF Card,79,L2KG05-6133,0,N/A,7
CM23-Cavity2,LINAC,STATE,L3B,1584.274869,2320,LLRF Card,79,L2KG05-6133,1,N/A,7
CM23-Cavity3,LINAC,STATE,L3B,1584.274869,2330,LLRF Card,79,L2KG05-6133,2,N/A,7
CM23-Cavity4,LINAC,STATE,L3B,1584.274869,2340,LLRF Card,79,L2KG05-6133,3,N/A,7
CM23-Cavity5,LINAC,STATE,L3B,1584.274869,2350,LLRF Card,79,L2KG05-6133,4,N/A,7
CM23-Cavity6,LINAC,STATE,L3B,1584.274869,2360,LLRF Card,79,L2KG05-6133,5,N/A,7
CM23-Cavity7,LINAC,STATE,L3B,1584.274869,2370,LLRF Card,79,L2KG05-6133,6,N/A,7
CM23-Cavity8,LINAC,STATE,L3B,1584.274869,2380,LLRF Card,79,L2KG05-6133,7,N/A,7
CM24-Cavity1,LINAC,STATE,L3B,1624.368012,2410,LLRF Card,79,L2KG05-6133,8,N/A,7
CM24-Cavity2,LINAC,STATE,L3B,1624.368012,2420,LLRF Card,79,L2KG05-6133,9,N/A,7
CM24-Cavity3,LINAC,STATE,L3B,1624.368012,2430,LLRF Card,79,L2KG05-6133,10,N/A,7
CM24-Cavity4,LINAC,STATE,L3B,1624.368012,2440,LLRF Card,79,L2KG05-6133,11,N/A,7
CM24-Cavity5,LINAC,STATE,L3B,1624.368012,2450,LLRF Card,79,L2KG05-6133,12,N/A,7
CM24-Cavity6,LINAC,STATE,L3B,1624.368012,2460,LLRF Card,79,L2KG05-6133,13,N/A,7
CM24-Cavity7,LINAC,STATE,L3B,1624.368012,2470,LLRF Card,79,L2KG05-6133,14,N/A,7
CM24-Cavity8,LINAC,STATE,L3B,1624.368012,2480,LLRF Card,79,L2KG05-6133,15,N/A,7
CM25-Cavity1,LINAC,STATE,L3B,1664.461155,2510,LLRF Card,80,L2KG05-6133,0,N/A,7
CM25-Cavity2,LINAC,STATE,L3B,1664.461155,2520,LLRF Card,80,L2KG05-6133,1,N/A,7
CM25-Cavity3,LINAC,STATE,L3B,1664.461155,2530,LLRF Card,80,L2KG05-6133,2,N/A,7
CM25-Cavity4,LINAC,STATE,L3B,1664.461155,2540,LLRF Card,80,L2KG05-6133,3,N/A,7
CM25-Cavity5,LINAC,STATE,L3B,1664.461155,2550,LLRF Card,80,L2KG05-6133,4,N/A,7
CM25-Cavity6,LINAC,STATE,L3B,1664.461155,2560,LLRF Card,80,L2KG05-6133,5,N/A,7
CM25-Cavity7,LINAC,STATE,L3B,1664.461155,2570,LLRF Card,80,L2KG05-6133,6,N/A,7
CM25-Cavity8,LINAC,STATE,L3B,1664.461155,2580,LLRF Card,80,L2KG05-6133,7,N/A,7
CM26-Cavity1,LINAC,STATE,L3B,1712.918176,2610,LLRF Card,80,L2KG05-6133,8,N/A,7
CM26-Cavity2,LINAC,STATE,L3B,1712.918176,2620,LLRF Card,80,L2KG05-6133,9,N/A,7
CM26-Cavity3,LINAC,STATE,L3B,1712.918176,2630,LLRF Card,80,L2KG05-6133,10,N/A,7
CM26-Cavity4,LINAC,STATE,L3B,1712.918176,2640,LLRF Card,80,L2KG05-6133,11,N/A,7
CM26-Cavity5,LINAC,STATE,L3B,1712.918176,2650,LLRF Card,80,L2KG05-6133,12,N/A,7
CM26-Cavity6,LINAC,STATE,L3B,1712.918176,2660,LLRF Card,80,L2KG05-6133,13,N/A,7
CM26-Cavity7,LINAC,STATE,L3B,1712.918176,2670,LLRF Card,80,L2KG05-6133,14,N/A,7
CM26-Cavity8,LINAC,STATE,L3B,1712.918176,2680,LLRF Card,80,L2KG05-6133,15,N/A,7
CM27-Cavity1,LINAC,STATE,L3B,1753.011319,2710,LLRF Card,91,L2KG06-6133,0,N/A,7
CM27-Cavity2,LINAC,STATE,L3B,1753.011319,2720,LLRF Card,91,L2KG06-6133,1,N/A,7
CM27-Cavity3,LINAC,STATE,L3B,1753.011319,2730,LLRF Card,91,L2KG06-6133,2,N/A,7
CM27-Cavity4,LINAC,STATE,L3B,1753.011319,2740,LLRF Card,91,L2KG06-6133,3,N/A,7
CM27-Cavity5,LINAC,STATE,L3B,1753.011319,2750,LLRF Card,91,L2KG06-6133,4,N/A,7
CM27-Cavity6,LINAC,STATE,L3B,1753.011319,2760,LLRF Card,91,L2KG06-6133,5,N/A,7
CM27-Cavity7,LINAC,STATE,L3B,1753.011319,2770,LLRF Card,91,L2KG06-6133,6,N/A,7
CM27-Cavity8,LINAC,STATE,L3B,1753.011319,2780,LLRF Card,91,L2KG06-6133,7,N/A,7
CM28-Cavity1,LINAC,STATE,L3B,1793.104462,2810,LLRF Card,91,L2KG06-6133,8,N/A,7
CM28-Cavity2,LINAC,STATE,L3B,1793.104462,2820,LLRF Card,91,L2KG06-6133,9,N/A,7
CM28-Cavity3,LINAC,STATE,L3B,1793.104462,2830,LLRF Card,91,L2KG06-6133,10,N/A,7
CM28-Cavity4,LINAC,STATE,L3B,1793.104462,2840,LLRF Card,91,L2KG06-6133,11,N/A,7
CM28-Cavity5,LINAC,STATE,L3B,1793.104462,2850,LLRF Card,91,L2KG06-6133,12,N/A,7
CM28-Cavity6,LINAC,STATE,L3B,1793.104462,2860,LLRF Card,91,L2KG06-6133,13,N/A,7
CM28-Cavity7,LINAC,STATE,L3B,1793.104462,2870,LLRF Card,91,L2KG06-6133,14,N/A,7
CM28-Cavity8,LINAC,STATE,L3B,1793.104462,2880,LLRF Card,91,L2KG06-6133,15,N/A,7
CM29-Cavity1,LINAC,STATE,L3B,1833.197605,2910,LLRF Card,92,L2KG06-6133,0,N/A,7
CM29-Cavity2,LINAC,STATE,L3B,1833.197605,2920,LLRF Card,92,L2KG06-6133,1,N/A,7
CM29-Cavity3,LINAC,STATE,L3B,1833.197605,2930,LLRF Card,92,L2KG06-6133,2,N/A,7
CM29-Cavity4,LINAC,STATE,L3B,1833.197605,2940,LLRF Card,92,L2KG06-6133,3,N/A,7
CM29-Cavity5,LINAC,STATE,L3B,1833.197605,2950,LLRF Card,92,L2KG06-6133,4,N/A,7
CM29-Cavity6,LINAC,STATE,L3B,1833.197605,2960,LLRF Card,92,L2KG06-6133,5,N/A,7
CM29-Cavity7,LINAC,STATE,L3B,1833.197605,2970,LLRF Card,92,L2KG06-6133,6,N/A,7
CM29-Cavity8,LINAC,STATE,L3B,1833.197605,2980,LLRF Card,92,L2KG06-6133,7,N/A,7
CM30-Cavity1,LINAC,STATE,L3B,1873.290748,3010,LLRF Card,92,L2KG06-6133,8,N/A,7
CM30-Cavity2,LINAC,STATE,L3B,1873.290748,3020,LLRF Card,92,L2KG06-6133,9,N/A,7
CM30-Cavity3,LINAC,STATE,L3B,1873.290748,3030,LLRF Card,92,L2KG06-6133,10,N/A,7
CM30-Cavity4,LINAC,STATE,L3B,1873.290748,3040,LLRF Card,92,L2KG06-6133,11,N/A,7
CM30-Cavity5,LINAC,STATE,L3B,1873.290748,3050,LLRF Card,92,L2KG06-6133,12,N/A,7
CM30-Cavity6,LINAC,STATE,L3B,1873.290748,3060,LLRF Card,92,L2KG06-6133,13,N/A,7
CM30-Cavity7,LINAC,STATE,L3B,1873.290748,3070,LLRF Card,92,L2KG06-6133,14,N/A,7
CM30-Cavity8,LINAC,STATE,L3B,1873.290748,3080,LLRF Card,92,L2KG06-6133,15,N/A,7
CM31-Cavity1,LINAC,STATE,L3B,1913.383891,3110,LLRF Card,100,L2KG07-3831,0,N/A,7
CM31-Cavity2,LINAC,STATE,L3B,1913.383891,3120,LLRF Card,100,L2KG07-3831,1,N/A,7
CM31-Cavity3,LINAC,STATE,L3B,1913.383891,3130,LLRF Card,100,L2KG07-3831,2,N/A,7
CM31-Cavity4,LINAC,STATE,L3B,1913.383891,3140,LLRF Card,100,L2KG07-3831,3,N/A,7
CM31-Cavity5,LINAC,STATE,L3B,1913.383891,3150,LLRF Card,100,L2KG07-3831,4,N/A,7
CM31-Cavity6,LINAC,STATE,L3B,1913.383891,3160,LLRF Card,100,L2KG07-3831,5,N/A,7
CM31-Cavity7,LINAC,STATE,L3B,1913.383891,3170,LLRF Card,100,L2KG07-3831,6,N/A,7
CM31-Cavity8,LINAC,STATE,L3B,1913.383891,3180,LLRF Card,100,L2KG07-3831,7,N/A,7
CM32-Cavity1,LINAC,STATE,L3B,1953.477034,3210,LLRF Card,100,L2KG07-3831,8,N/A,7
CM32-Cavity2,LINAC,STATE,L3B,1953.477034,3220,LLRF Card,100,L2KG07-3831,9,N/A,7
CM32-Cavity3,LINAC,STATE,L3B,1953.477034,3230,LLRF Card,100,L2KG07-3831,10,N/A,7
CM32-Cavity4,LINAC,STATE,L3B,1953.477034,3240,LLRF Card,100,L2KG07-3831,11,N/A,7
CM32-Cavity5,LINAC,STATE,L3B,1953.477034,3250,LLRF Card,100,L2KG07-3831,12,N/A,7
CM32-Cavity6,LINAC,STATE,L3B,1953.477034,3260,LLRF Card,100,L2KG07-3831,13,N/A,7
CM32-Cavity7,LINAC,STATE,L3B,1953.477034,3270,LLRF Card,100,L2KG07-3831,14,N/A,7
CM32-Cavity8,LINAC,STATE,L3B,1953.477034,3280,LLRF Card,100,L2KG07-3831,15,N/A,7
CM33-Cavity1,LINAC,STATE,L3B,1993.570177,3310,LLRF Card,101,L2KG07-3831,0,N/A,7
CM33-Cavity2,LINAC,STATE,L3B,1993.570177,3320,LLRF Card,101,L2KG07-3831,1,N/A,7
CM33-Cavity3,LINAC,STATE,L3B,1993.570177,3330,LLRF Card,101,L2KG07-3831,2,N/A,7
CM33-Cavity4,LINAC,STATE,L3B,1993.570177,3340,LLRF Card,101,L2KG07-3831,3,N/A,7
CM33-Cavity5,LINAC,STATE,L3B,1993.570177,3350,LLRF Card,101,L2KG07-3831,4,N/A,7
CM33-Cavity6,LINAC,STATE,L3B,1993.570177,3360,LLRF Card,101,L2KG07-3831,5,N/A,7
CM33-Cavity7,LINAC,STATE,L3B,1993.570177,3370,LLRF Card,101,L2KG07-3831,6,N/A,7
CM33-Cavity8,LINAC,STATE,L3B,1993.570177,3380,LLRF Card,101,L2KG07-3831,7,N/A,7
CM34-Cavity1,LINAC,STATE,L3B,2033.66332,3410,LLRF Card,101,L2KG07-3831,8,N/A,7
CM34-Cavity2,LINAC,STATE,L3B,2033.66332,3420,LLRF Card,101,L2KG07-3831,9,N/A,7
CM34-Cavity3,LINAC,STATE,L3B,2033.66332,3430,LLRF Card,101,L2KG07-3831,10,N/A,7
CM34-Cavity4,LINAC,STATE,L3B,2033.66332,3440,LLRF Card,101,L2KG07-3831,11,N/A,7
CM34-Cavity5,LINAC,STATE,L3B,2033.66332,3450,LLRF Card,101,L2KG07-3831,12,N/A,7
CM34-Cavity6,LINAC,STATE,L3B,2033.66332,3460,LLRF Card,101,L2KG07-3831,13,N/A,7
CM34-Cavity7,LINAC,STATE,L3B,2033.66332,3470,LLRF Card,101,L2KG07-3831,14,N/A,7
CM34-Cavity8,LINAC,STATE,L3B,2033.66332,3480,LLRF Card,101,L2KG07-3831,15,N/A,7
CM35-Cavity1,LINAC,STATE,L3B,2073.756463,3510,LLRF Card,106,L2KG08-3A33,0,N/A,7
CM35-Cavity2,LINAC,STATE,L3B,2073.756463,3520,LLRF Card,106,L2KG08-3A33,1,N/A,7
CM35-Cavity3,LINAC,STATE,L3B,2073.756463,3530,LLRF Card,106,L2KG08-3A33,2,N/A,7
CM35-Cavity4,LINAC,STATE,L3B,2073.756463,3540,LLRF Card,106,L2KG08-3A33,3,N/A,7
CM35-Cavity5,LINAC,STATE,L3B,2073.756463,3550,LLRF Card,106,L2KG08-3A33,4,N/A,7
CM35-Cavity6,LINAC,STATE,L3B,2073.756463,3560,LLRF Card,106,L2KG08-3A33,5,N/A,7
CM35-Cavity7,LINAC,STATE,L3B,2073.756463,3570,LLRF Card,106,L2KG08-3A33,6,N/A,7
CM35-Cavity8,LINAC,STATE,L3B,2073.756463,3580,LLRF Card,106,L2KG08-3A33,7,N/A,7
